{
  "lr": 0.005555698507123941,
  "l2_reg": 0.0004776045737702554,
  "batch_size": 512,
  "hidden_dim": 64,
  "focal_gamma": 4.0,
  "focal_alpha": 0.8876699642873253,
  "lambda_rank": 0.0004608025732593223,
  "lambda_lu": 0.01,
  "lambda_ipm": 1.0,
  "lambda_prop": 1.0,
  "epochs": 30
}