{
  "lr": 0.004856433063708413,
  "l2_reg": 5.0778505043637866e-05,
  "batch_size": 512,
  "hidden_dim": 64,
  "focal_gamma": 2.0,
  "focal_alpha": 0.9,
  "lambda_rank": 0.0001,
  "lambda_lu": 0.01,
  "lambda_ipm": 1.0,
  "lambda_prop": 1.0,
  "epochs": 30
}