{
  "lr": 0.000527744582895002,
  "l2_reg": 0.0008101976070709358,
  "batch_size": 512,
  "hidden_dim": 256,
  "focal_gamma": 4.0,
  "focal_alpha": 0.7823067886676796,
  "lambda_rank": 0.0001,
  "lambda_lu": 0.01,
  "lambda_ipm": 1.0,
  "lambda_prop": 1.0,
  "epochs": 30,
  "lambda_c": 1.0
}