{
  "lr": 0.0051948495987154735,
  "l2_reg": 4.7428258619811114e-05,
  "batch_size": 512,
  "hidden_dim": 32,
  "focal_gamma": 2.0,
  "focal_alpha": 0.9,
  "lambda_rank": 2.222910717459211e-06,
  "lambda_lu": 0.0006167095046895857,
  "lambda_ipm": 1.0,
  "lambda_prop": 1.0,
  "epochs": 30,
  "lambda_c": 1.0
}