{
  "lr": 0.0012059391477761945,
  "l2_reg": 0.00018801373687544188,
  "batch_size": 512,
  "hidden_dim": 32,
  "focal_gamma": 5.0,
  "focal_alpha": 0.9891589572213416,
  "lambda_rank": 0.0001,
  "lambda_lu": 0.01,
  "lambda_ipm": 1.0,
  "lambda_prop": 1.0,
  "epochs": 30
}