{
  "lr": 0.004229459891842081,
  "l2_reg": 0.0003613049113095658,
  "batch_size": 512,
  "hidden_dim": 64,
  "focal_gamma": 4.0,
  "focal_alpha": 0.5834807160172245,
  "lambda_rank": 0.001935211098284053,
  "lambda_lu": 0.01,
  "lambda_ipm": 1.0,
  "lambda_prop": 1.0,
  "epochs": 30
}