{
  "lr": 0.002198658038811047,
  "l2_reg": 6.245130379578333e-05,
  "batch_size": 512,
  "hidden_dim": 32,
  "focal_gamma": 2.0,
  "focal_alpha": 0.9,
  "lambda_rank": 0.0001,
  "lambda_lu": 1.015823146955606e-05,
  "lambda_ipm": 1.0,
  "lambda_prop": 1.0,
  "epochs": 30
}