{
  "lr": 0.0024362860015641613,
  "l2_reg": 0.0004210196999878294,
  "batch_size": 512,
  "hidden_dim": 32,
  "focal_gamma": 3.0,
  "focal_alpha": 0.5726299005223885,
  "lambda_rank": 0.0001,
  "lambda_lu": 0.01,
  "lambda_ipm": 1.0,
  "lambda_prop": 1.0,
  "epochs": 30,
  "lambda_c": 1.0
}