{
  "lr": 0.007530075220020187,
  "l2_reg": 0.0008657969948527302,
  "batch_size": 512,
  "hidden_dim": 32,
  "focal_gamma": 3.5,
  "focal_alpha": 0.799400852789185,
  "lambda_rank": 0.0001,
  "lambda_lu": 0.01,
  "lambda_ipm": 1.0,
  "lambda_prop": 1.0,
  "epochs": 30
}