{
  "lr": 0.0022107928059634367,
  "l2_reg": 0.005736937533471912,
  "batch_size": 512,
  "hidden_dim": 32,
  "focal_gamma": 2.0,
  "focal_alpha": 0.9,
  "lambda_rank": 3.93257117924041e-06,
  "lambda_lu": 4.093841355167272e-05,
  "lambda_ipm": 1.0,
  "lambda_prop": 1.0,
  "epochs": 70,
  "lambda_c": 1.0
}