{
  "lr": 0.009959599951064567,
  "l2_reg": 0.0005955518319100823,
  "batch_size": 512,
  "hidden_dim": 128,
  "focal_gamma": 2.0,
  "focal_alpha": 0.9,
  "lambda_rank": 0.0001,
  "lambda_lu": 0.0010843207339463123,
  "lambda_ipm": 1.0,
  "lambda_prop": 1.0,
  "epochs": 30
}