{
  "lr": 0.0012508780815922412,
  "l2_reg": 0.0028917128699479924,
  "batch_size": 512,
  "hidden_dim": 128,
  "focal_gamma": 2.5,
  "focal_alpha": 0.9258532126739796,
  "lambda_rank": 2.3773263905069415e-06,
  "lambda_lu": 0.01,
  "lambda_ipm": 1.0,
  "lambda_prop": 1.0,
  "epochs": 30,
  "lambda_c": 1.0
}