{
  "lr": 0.005637514413000177,
  "l2_reg": 0.0006659178726635656,
  "batch_size": 512,
  "hidden_dim": 32,
  "focal_gamma": 2.5,
  "focal_alpha": 0.5951861134346184,
  "lambda_rank": 0.0001,
  "lambda_lu": 0.01,
  "lambda_ipm": 1.0,
  "lambda_prop": 1.0,
  "epochs": 30
}