{
  "lr": 0.0008841904672054037,
  "l2_reg": 3.526690679240932e-05,
  "batch_size": 512,
  "hidden_dim": 128,
  "focal_gamma": 5.0,
  "focal_alpha": 0.8131225623233381,
  "lambda_rank": 2.6398896738809917e-05,
  "lambda_lu": 0.01,
  "lambda_ipm": 1.0,
  "lambda_prop": 1.0,
  "epochs": 30
}