{
  "lr": 0.0004192042786659749,
  "l2_reg": 0.0033526795586247306,
  "batch_size": 512,
  "hidden_dim": 32,
  "focal_gamma": 2.0,
  "focal_alpha": 0.9,
  "lambda_rank": 0.0001,
  "lambda_lu": 8.213487406505022e-05,
  "lambda_ipm": 1.0,
  "lambda_prop": 1.0,
  "epochs": 30
}