{
  "lr": 0.008166896888466769,
  "l2_reg": 1.2923801551663467e-06,
  "batch_size": 512,
  "hidden_dim": 512,
  "focal_gamma": 2.0,
  "focal_alpha": 0.9,
  "lambda_rank": 0.0001,
  "lambda_lu": 1.1323857433061933e-06,
  "lambda_ipm": 1.0,
  "lambda_prop": 1.0,
  "epochs": 30,
  "lambda_c": 1.0
}