{
  "lr": 0.003633880870660051,
  "l2_reg": 0.006020596243263473,
  "batch_size": 512,
  "hidden_dim": 64,
  "focal_gamma": 2.0,
  "focal_alpha": 0.9,
  "lambda_rank": 0.0001,
  "lambda_lu": 0.0007751612931059824,
  "lambda_ipm": 1.0,
  "lambda_prop": 1.0,
  "epochs": 30
}