{
  "lr": 0.00011145555734987464,
  "l2_reg": 0.0002555607332429162,
  "batch_size": 512,
  "hidden_dim": 512,
  "focal_gamma": 5.0,
  "focal_alpha": 0.5535908101746809,
  "lambda_rank": 0.0001,
  "lambda_lu": 0.01,
  "lambda_ipm": 1.0,
  "lambda_prop": 1.0,
  "epochs": 30,
  "lambda_c": 1.0
}