{
  "lr": 0.006769185291955313,
  "l2_reg": 0.0005278894591016253,
  "batch_size": 512,
  "hidden_dim": 32,
  "focal_gamma": 2.0,
  "focal_alpha": 0.9,
  "lambda_rank": 0.0001,
  "lambda_lu": 9.056807506721442e-06,
  "lambda_ipm": 1.0,
  "lambda_prop": 1.0,
  "epochs": 30
}