{
  "lr": 0.003923296292022234,
  "l2_reg": 2.9337634123850343e-05,
  "batch_size": 512,
  "hidden_dim": 32,
  "focal_gamma": 2.0,
  "focal_alpha": 0.9,
  "lambda_rank": 0.0002276559463749326,
  "lambda_lu": 0.00015110564495327754,
  "lambda_ipm": 1.0,
  "lambda_prop": 1.0,
  "epochs": 30
}