{
  "lr": 0.005855185420738325,
  "l2_reg": 1.8939937276904956e-05,
  "batch_size": 512,
  "hidden_dim": 32,
  "focal_gamma": 4.0,
  "focal_alpha": 0.888285406188335,
  "lambda_rank": 0.0001,
  "lambda_lu": 0.01,
  "lambda_ipm": 1.0,
  "lambda_prop": 1.0,
  "epochs": 30
}