{
  "lr": 0.004590809170688302,
  "l2_reg": 0.00026259447037014745,
  "batch_size": 512,
  "hidden_dim": 32,
  "focal_gamma": 2.0,
  "focal_alpha": 0.9,
  "lambda_rank": 4.283503431688578e-06,
  "lambda_lu": 7.918092494349678e-06,
  "lambda_ipm": 1.0,
  "lambda_prop": 1.0,
  "epochs": 30,
  "lambda_c": 1.0
}