{
  "lr": 0.003934866506014747,
  "l2_reg": 0.00022888391098697695,
  "batch_size": 512,
  "hidden_dim": 128,
  "focal_gamma": 2.0,
  "focal_alpha": 0.9,
  "lambda_rank": 0.0001,
  "lambda_lu": 0.0016234529845539545,
  "lambda_ipm": 1.0,
  "lambda_prop": 1.0,
  "epochs": 30
}