{
  "lr": 0.005374603424973753,
  "l2_reg": 1.7586988268213852e-06,
  "batch_size": 512,
  "hidden_dim": 512,
  "focal_gamma": 2.0,
  "focal_alpha": 0.9,
  "lambda_rank": 2.9996939341393743e-06,
  "lambda_lu": 0.00010028568173362709,
  "lambda_ipm": 1.0,
  "lambda_prop": 1.0,
  "epochs": 70,
  "lambda_c": 1.0
}