{
  "lr": 0.0013440897302093122,
  "l2_reg": 0.0031086348689002286,
  "batch_size": 512,
  "hidden_dim": 32,
  "focal_gamma": 4.5,
  "focal_alpha": 0.8779683070776666,
  "lambda_rank": 0.0005398903283572514,
  "lambda_lu": 0.01,
  "lambda_ipm": 1.0,
  "lambda_prop": 1.0,
  "epochs": 30,
  "lambda_c": 1.0
}