{
  "lr": 0.005581889402209515,
  "l2_reg": 1.0540967883703437e-05,
  "batch_size": 512,
  "hidden_dim": 512,
  "focal_gamma": 2.0,
  "focal_alpha": 0.9,
  "lambda_rank": 1.1150633701054529e-06,
  "lambda_lu": 0.01,
  "lambda_ipm": 1.0,
  "lambda_prop": 1.0,
  "epochs": 30,
  "lambda_c": 1.0
}