{
  "lr": 0.000655769988565243,
  "l2_reg": 1.2245426175424886e-06,
  "batch_size": 512,
  "hidden_dim": 256,
  "focal_gamma": 1.5,
  "focal_alpha": 0.9898407430898302,
  "lambda_rank": 0.002499934258024401,
  "lambda_lu": 0.01,
  "lambda_ipm": 1.0,
  "lambda_prop": 1.0,
  "epochs": 30,
  "lambda_c": 1.0
}