{
  "lr": 0.005951825953211312,
  "l2_reg": 4.445524906915567e-05,
  "batch_size": 512,
  "hidden_dim": 256,
  "focal_gamma": 2.0,
  "focal_alpha": 0.9,
  "lambda_rank": 0.0001479138346718984,
  "lambda_lu": 0.08390695804041129,
  "lambda_ipm": 1.0,
  "lambda_prop": 1.0,
  "epochs": 30,
  "lambda_c": 1.0
}