{
  "lr": 0.0036621108446239603,
  "l2_reg": 0.001028781962922615,
  "batch_size": 512,
  "hidden_dim": 32,
  "focal_gamma": 2.0,
  "focal_alpha": 0.9,
  "lambda_rank": 8.674434739136052e-06,
  "lambda_lu": 0.0004264751372273892,
  "lambda_ipm": 1.0,
  "lambda_prop": 1.0,
  "epochs": 30
}