{
  "lr": 0.001073951596849466,
  "l2_reg": 0.002967527635851203,
  "batch_size": 512,
  "hidden_dim": 32,
  "focal_gamma": 2.0,
  "focal_alpha": 0.9,
  "lambda_rank": 3.083347539849745e-05,
  "lambda_lu": 0.00018669857360629385,
  "lambda_ipm": 1.0,
  "lambda_prop": 1.0,
  "epochs": 30,
  "lambda_c": 1.0
}