{
  "lr": 0.0011743110970687304,
  "l2_reg": 0.003944330859399761,
  "batch_size": 512,
  "hidden_dim": 32,
  "focal_gamma": 3.5,
  "focal_alpha": 0.8368619152331079,
  "lambda_rank": 0.0001,
  "lambda_lu": 0.01,
  "lambda_ipm": 1.0,
  "lambda_prop": 1.0,
  "epochs": 30,
  "lambda_c": 1.0
}