{
  "lr": 0.0011527984828864242,
  "l2_reg": 1.3826190688671904e-05,
  "batch_size": 512,
  "hidden_dim": 512,
  "focal_gamma": 3.0,
  "focal_alpha": 0.6614560361764923,
  "lambda_rank": 0.013195240797329937,
  "lambda_lu": 0.01,
  "lambda_ipm": 1.0,
  "lambda_prop": 1.0,
  "epochs": 30,
  "lambda_c": 1.0
}