{
  "lr": 0.0005489306431618403,
  "l2_reg": 3.515667032624738e-05,
  "batch_size": 512,
  "hidden_dim": 32,
  "focal_gamma": 2.0,
  "focal_alpha": 0.9,
  "lambda_rank": 4.199455848912711e-06,
  "lambda_lu": 0.00014430750897595577,
  "lambda_ipm": 1.0,
  "lambda_prop": 1.0,
  "epochs": 30
}