{
  "lr": 0.002390829469068402,
  "l2_reg": 3.9745576716778325e-06,
  "batch_size": 512,
  "hidden_dim": 64,
  "focal_gamma": 2.0,
  "focal_alpha": 0.9,
  "lambda_rank": 5.704850020837644e-05,
  "lambda_lu": 6.869534249583262e-05,
  "lambda_ipm": 1.0,
  "lambda_prop": 1.0,
  "epochs": 70,
  "lambda_c": 1.0
}