{
  "lr": 0.0027922240566003774,
  "l2_reg": 7.629985096783008e-05,
  "batch_size": 512,
  "hidden_dim": 32,
  "focal_gamma": 2.0,
  "focal_alpha": 0.9,
  "lambda_rank": 0.0001,
  "lambda_lu": 0.01,
  "lambda_ipm": 1.0,
  "lambda_prop": 1.0,
  "epochs": 30
}