{
  "lr": 0.003041786714448123,
  "l2_reg": 0.0012961044192314351,
  "batch_size": 512,
  "hidden_dim": 32,
  "focal_gamma": 3.0,
  "focal_alpha": 0.6184324108510925,
  "lambda_rank": 0.0001,
  "lambda_lu": 0.01,
  "lambda_ipm": 1.0,
  "lambda_prop": 1.0,
  "epochs": 30
}