{
  "lr": 8.13343136493614e-05,
  "l2_reg": 9.086709950178444e-05,
  "batch_size": 512,
  "hidden_dim": 128,
  "focal_gamma": 2.0,
  "focal_alpha": 0.9,
  "lambda_rank": 0.0001,
  "lambda_lu": 7.72851545272657e-05,
  "lambda_ipm": 1.0,
  "lambda_prop": 1.0,
  "epochs": 30,
  "lambda_c": 1.0
}