{
  "lr": 0.007583393012101475,
  "l2_reg": 1.5643634190930377e-06,
  "batch_size": 512,
  "hidden_dim": 64,
  "focal_gamma": 2.0,
  "focal_alpha": 0.9,
  "lambda_rank": 3.5474348916077826e-05,
  "lambda_lu": 0.00200228350094902,
  "lambda_ipm": 1.0,
  "lambda_prop": 1.0,
  "epochs": 70,
  "lambda_c": 1.0
}