{
  "lr": 0.0008714385870663992,
  "l2_reg": 0.003704527145207518,
  "batch_size": 512,
  "hidden_dim": 256,
  "focal_gamma": 5.0,
  "focal_alpha": 0.6423368076988082,
  "lambda_rank": 0.0001,
  "lambda_lu": 0.01,
  "lambda_ipm": 1.0,
  "lambda_prop": 1.0,
  "epochs": 30,
  "lambda_c": 1.0
}