{
  "lr": 0.002661901888489057,
  "l2_reg": 1.6536937182824424e-05,
  "batch_size": 512,
  "hidden_dim": 64,
  "focal_gamma": 2.0,
  "focal_alpha": 0.9,
  "lambda_rank": 4.075596440072871e-06,
  "lambda_lu": 0.00029914693021302176,
  "lambda_ipm": 1.0,
  "lambda_prop": 1.0,
  "epochs": 30
}