{
  "lr": 0.003744672371655844,
  "l2_reg": 2.4268543393899923e-05,
  "batch_size": 512,
  "hidden_dim": 32,
  "focal_gamma": 2.0,
  "focal_alpha": 0.9,
  "lambda_rank": 3.0503883708236436e-05,
  "lambda_lu": 1.6939784062616432e-05,
  "lambda_ipm": 1.0,
  "lambda_prop": 1.0,
  "epochs": 30,
  "lambda_c": 1.0
}