{
  "lr": 8.757112678307153e-05,
  "l2_reg": 0.000306123686721039,
  "batch_size": 512,
  "hidden_dim": 128,
  "focal_gamma": 3.5,
  "focal_alpha": 0.9207705722452106,
  "lambda_rank": 0.0001,
  "lambda_lu": 0.01,
  "lambda_ipm": 1.0,
  "lambda_prop": 1.0,
  "epochs": 30
}