{
  "lr": 0.007085119183827181,
  "l2_reg": 0.0001439515975110214,
  "batch_size": 512,
  "hidden_dim": 32,
  "focal_gamma": 3.0,
  "focal_alpha": 0.5032166649027586,
  "lambda_rank": 0.0001,
  "lambda_lu": 0.01,
  "lambda_ipm": 1.0,
  "lambda_prop": 1.0,
  "epochs": 30,
  "lambda_c": 1.0
}