{
  "lr": 0.0017860206193710852,
  "l2_reg": 6.628100242110833e-05,
  "batch_size": 512,
  "hidden_dim": 32,
  "focal_gamma": 5.0,
  "focal_alpha": 0.7655843407493675,
  "lambda_rank": 3.1675488526347944e-06,
  "lambda_lu": 0.01,
  "lambda_ipm": 1.0,
  "lambda_prop": 1.0,
  "epochs": 30,
  "lambda_c": 1.0
}