{
  "lr": 0.0009703600034199331,
  "l2_reg": 0.004745395618530421,
  "batch_size": 512,
  "hidden_dim": 32,
  "focal_gamma": 4.0,
  "focal_alpha": 0.9689995886102901,
  "lambda_rank": 0.000805533303266783,
  "lambda_lu": 0.01,
  "lambda_ipm": 1.0,
  "lambda_prop": 1.0,
  "epochs": 30,
  "lambda_c": 1.0
}