{
  "lr": 0.0011810680473418379,
  "l2_reg": 5.269972289469784e-05,
  "batch_size": 512,
  "hidden_dim": 256,
  "focal_gamma": 2.0,
  "focal_alpha": 0.9,
  "lambda_rank": 2.444116456608977e-05,
  "lambda_lu": 0.01,
  "lambda_ipm": 1.0,
  "lambda_prop": 1.0,
  "epochs": 30,
  "lambda_c": 1.0
}