{
  "lr": 0.003456346788733866,
  "l2_reg": 1.8372298068062253e-06,
  "batch_size": 512,
  "hidden_dim": 128,
  "focal_gamma": 2.0,
  "focal_alpha": 0.9,
  "lambda_rank": 1.2903326630880192e-06,
  "lambda_lu": 0.000553239683967371,
  "lambda_ipm": 1.0,
  "lambda_prop": 1.0,
  "epochs": 70,
  "lambda_c": 1.0
}