{
  "lr": 0.00013830768641947107,
  "l2_reg": 2.6617273463642457e-05,
  "batch_size": 512,
  "hidden_dim": 512,
  "focal_gamma": 4.5,
  "focal_alpha": 0.8567286866155157,
  "lambda_rank": 0.0001,
  "lambda_lu": 0.01,
  "lambda_ipm": 1.0,
  "lambda_prop": 1.0,
  "epochs": 30,
  "lambda_c": 1.0
}