{
  "lr": 0.005232049522036622,
  "l2_reg": 0.0009523627365372319,
  "batch_size": 512,
  "hidden_dim": 32,
  "focal_gamma": 4.5,
  "focal_alpha": 0.7912717931964213,
  "lambda_rank": 0.0001,
  "lambda_lu": 0.01,
  "lambda_ipm": 1.0,
  "lambda_prop": 1.0,
  "epochs": 30
}