{
  "lr": 0.004723828898571637,
  "l2_reg": 8.605610373090016e-05,
  "batch_size": 512,
  "hidden_dim": 32,
  "focal_gamma": 2.0,
  "focal_alpha": 0.9,
  "lambda_rank": 1.6998341385125786e-06,
  "lambda_lu": 5.3911976778225374e-05,
  "lambda_ipm": 1.0,
  "lambda_prop": 1.0,
  "epochs": 30,
  "lambda_c": 1.0
}