{
  "lr": 0.0012341342827799841,
  "l2_reg": 0.0006395138174940792,
  "batch_size": 512,
  "hidden_dim": 32,
  "focal_gamma": 4.5,
  "focal_alpha": 0.5307588843205633,
  "lambda_rank": 1.9324366597937423e-06,
  "lambda_lu": 0.01,
  "lambda_ipm": 1.0,
  "lambda_prop": 1.0,
  "epochs": 30
}