{
  "lr": 0.0034256068476451753,
  "l2_reg": 1.801247534456018e-06,
  "batch_size": 512,
  "hidden_dim": 64,
  "focal_gamma": 4.0,
  "focal_alpha": 0.9524518152654545,
  "lambda_rank": 0.00015189049466271797,
  "lambda_lu": 0.01,
  "lambda_ipm": 1.0,
  "lambda_prop": 1.0,
  "epochs": 30
}