{
  "lr": 0.0003007680406662797,
  "l2_reg": 1.1696766705514477e-05,
  "batch_size": 512,
  "hidden_dim": 256,
  "focal_gamma": 2.0,
  "focal_alpha": 0.9,
  "lambda_rank": 0.09302363234084736,
  "lambda_lu": 0.03062271203616023,
  "lambda_ipm": 1.0,
  "lambda_prop": 1.0,
  "epochs": 30,
  "lambda_c": 1.0
}