{
  "lr": 0.002735127963159421,
  "l2_reg": 0.0005422307365426813,
  "batch_size": 512,
  "hidden_dim": 64,
  "focal_gamma": 0.5,
  "focal_alpha": 0.540423007076656,
  "lambda_rank": 0.0001,
  "lambda_lu": 0.01,
  "lambda_ipm": 1.0,
  "lambda_prop": 1.0,
  "epochs": 30,
  "lambda_c": 1.0
}