{
  "lr": 0.003778644138086207,
  "l2_reg": 0.00697022420238825,
  "batch_size": 512,
  "hidden_dim": 256,
  "focal_gamma": 2.0,
  "focal_alpha": 0.9,
  "lambda_rank": 3.9186757672056043e-05,
  "lambda_lu": 1.4852181466991924e-06,
  "lambda_ipm": 1.0,
  "lambda_prop": 1.0,
  "epochs": 30,
  "lambda_c": 1.0
}