{
  "lr": 0.007255315195377861,
  "l2_reg": 0.0016974571501959677,
  "batch_size": 512,
  "hidden_dim": 512,
  "focal_gamma": 2.0,
  "focal_alpha": 0.9,
  "lambda_rank": 0.0001,
  "lambda_lu": 0.01,
  "lambda_ipm": 1.0,
  "lambda_prop": 1.0,
  "epochs": 30,
  "lambda_c": 1.0
}