{
  "lr": 1.033285556962607e-05,
  "l2_reg": 1.2124232777004019e-06,
  "batch_size": 512,
  "hidden_dim": 512,
  "focal_gamma": 1.5,
  "focal_alpha": 0.8391723548529038,
  "lambda_rank": 0.019872356792327107,
  "lambda_lu": 0.01,
  "lambda_ipm": 1.0,
  "lambda_prop": 1.0,
  "epochs": 30,
  "lambda_c": 1.0
}