{
  "lr": 0.008105016126411584,
  "l2_reg": 0.001260466458564947,
  "batch_size": 512,
  "hidden_dim": 32,
  "focal_gamma": 1.0,
  "focal_alpha": 0.5221613715661636,
  "lambda_rank": 4.233032996527597e-05,
  "lambda_lu": 0.01,
  "lambda_ipm": 1.0,
  "lambda_prop": 1.0,
  "epochs": 30,
  "lambda_c": 1.0
}