{
  "lr": 0.007834647587373369,
  "l2_reg": 0.0006810142755332439,
  "batch_size": 512,
  "hidden_dim": 256,
  "focal_gamma": 2.0,
  "focal_alpha": 0.9,
  "lambda_rank": 0.0005271146814380175,
  "lambda_lu": 0.0019941262498116216,
  "lambda_ipm": 1.0,
  "lambda_prop": 1.0,
  "epochs": 70,
  "lambda_c": 1.0
}