{
  "lr": 0.002261374625622149,
  "l2_reg": 0.007612358265851509,
  "batch_size": 512,
  "hidden_dim": 128,
  "focal_gamma": 2.0,
  "focal_alpha": 0.9,
  "lambda_rank": 0.01734688805166522,
  "lambda_lu": 0.0001623481086395092,
  "lambda_ipm": 1.0,
  "lambda_prop": 1.0,
  "epochs": 30,
  "lambda_c": 1.0
}