{
  "lr": 0.0060772334977298205,
  "l2_reg": 0.004050126130663244,
  "batch_size": 512,
  "hidden_dim": 256,
  "focal_gamma": 2.0,
  "focal_alpha": 0.9,
  "lambda_rank": 9.345532065956805e-06,
  "lambda_lu": 4.2730785335446834e-06,
  "lambda_ipm": 1.0,
  "lambda_prop": 1.0,
  "epochs": 70,
  "lambda_c": 1.0
}