{
  "lr": 0.005650469837104732,
  "l2_reg": 5.0951808099093725e-05,
  "batch_size": 512,
  "hidden_dim": 64,
  "focal_gamma": 2.0,
  "focal_alpha": 0.8614747353602171,
  "lambda_rank": 0.0001,
  "lambda_lu": 0.01,
  "lambda_ipm": 1.0,
  "lambda_prop": 1.0,
  "epochs": 30,
  "lambda_c": 1.0
}