{
  "lr": 0.00043664735929796326,
  "l2_reg": 5.4880470007660465e-06,
  "batch_size": 512,
  "hidden_dim": 32,
  "focal_gamma": 2.0,
  "focal_alpha": 0.9,
  "lambda_rank": 0.0001,
  "lambda_lu": 0.01,
  "lambda_ipm": 1.0,
  "lambda_prop": 1.0,
  "epochs": 30,
  "lambda_c": 5.829384542994738
}