{
  "lr": 1.7236045473482837e-05,
  "l2_reg": 0.006090442482302772,
  "batch_size": 512,
  "hidden_dim": 32,
  "focal_gamma": 1.5,
  "focal_alpha": 0.9615426482690104,
  "lambda_rank": 0.0001,
  "lambda_lu": 0.01,
  "lambda_ipm": 1.0,
  "lambda_prop": 1.0,
  "epochs": 30,
  "lambda_c": 1.0
}