{
  "lr": 0.00849474479588121,
  "l2_reg": 0.0028658959473210387,
  "batch_size": 512,
  "hidden_dim": 256,
  "focal_gamma": 2.0,
  "focal_alpha": 0.9,
  "lambda_rank": 5.710995164922675e-06,
  "lambda_lu": 0.024360881064721288,
  "lambda_ipm": 1.0,
  "lambda_prop": 1.0,
  "epochs": 70,
  "lambda_c": 1.0
}