{
  "lr": 0.00012395995352389893,
  "l2_reg": 0.005824932677105465,
  "batch_size": 512,
  "hidden_dim": 256,
  "focal_gamma": 3.0,
  "focal_alpha": 0.6257120852667893,
  "lambda_rank": 0.0023325785063150538,
  "lambda_lu": 0.01,
  "lambda_ipm": 1.0,
  "lambda_prop": 1.0,
  "epochs": 30,
  "lambda_c": 1.0
}