{
  "lr": 0.009483026060795551,
  "l2_reg": 0.00043911732518397815,
  "batch_size": 512,
  "hidden_dim": 64,
  "focal_gamma": 2.0,
  "focal_alpha": 0.9,
  "lambda_rank": 0.001080793163260823,
  "lambda_lu": 0.0007249230789998978,
  "lambda_ipm": 1.0,
  "lambda_prop": 1.0,
  "epochs": 70,
  "lambda_c": 1.0
}