{
  "lr": 0.005134837517177728,
  "l2_reg": 0.0003231081700879171,
  "batch_size": 512,
  "hidden_dim": 256,
  "focal_gamma": 3.5,
  "focal_alpha": 0.7044410754567781,
  "lambda_rank": 0.0001,
  "lambda_lu": 0.01,
  "lambda_ipm": 1.0,
  "lambda_prop": 1.0,
  "epochs": 30,
  "lambda_c": 1.0
}