{
  "lr": 0.00013363119827118234,
  "l2_reg": 1.0198915611266274e-06,
  "batch_size": 512,
  "hidden_dim": 128,
  "focal_gamma": 2.0,
  "focal_alpha": 0.9,
  "lambda_rank": 0.00589716412068092,
  "lambda_lu": 2.0976999827738766e-05,
  "lambda_ipm": 1.0,
  "lambda_prop": 1.0,
  "epochs": 30,
  "lambda_c": 1.0
}